channel,total_messages,first_message_date,last_message_date,messages_per_day,recency_days,total_ideas,unique_assets,ideas_per_message,rank_score
Главный по Крипте,385,2025-03-01T16:57:20+00:00,2026-03-15T14:57:02+00:00,1.02,0,733,10,1.903896103896104,0.7773825363825364
Ton Cryptans,428,2025-05-08T13:59:58+00:00,2026-03-14T15:48:59+00:00,1.38,1,481,13,1.1238317757009346,0.6152452791730967
Криптомнения,475,2025-11-14T13:18:51+00:00,2026-03-15T20:32:38+00:00,3.89,0,460,13,0.968421052631579,0.5917500981630729
КриптоТвиттер,445,2026-02-04T14:14:34+00:00,2026-03-15T19:07:43+00:00,11.12,0,387,11,0.8696629213483146,0.539370703233971
SerCrypto,411,2025-11-29T14:20:00+00:00,2026-03-15T14:04:43+00:00,3.88,0,360,12,0.8759124087591241,0.5334077667600139
КриптоБош,457,2025-10-11T16:04:57+00:00,2026-03-15T16:05:20+00:00,2.93,0,342,12,0.7483588621444202,0.5122136408930242
VilarsoFREE |CryptoTrading ¹⁸⁺,397,2025-10-26T12:05:47+00:00,2026-03-15T16:19:00+00:00,2.82,0,327,9,0.8236775818639799,0.49086007606792414
SoloTrade — Команда Трейдеров,378,2025-12-10T06:39:58+00:00,2026-03-14T16:23:47+00:00,3.98,1,272,12,0.7195767195767195,0.4807191776839321
Crypto Bullet [VIP],210,2025-12-11T13:02:00+00:00,2026-03-15T19:48:50+00:00,2.21,0,230,9,1.0952380952380953,0.4794122583597345
Просто о сложном,441,2026-01-10T17:55:29+00:00,2026-03-15T13:04:38+00:00,6.89,0,269,12,0.6099773242630385,0.4695835387056397
COINNEWS,479,2026-02-14T11:51:06+00:00,2026-03-15T16:34:46+00:00,15.97,0,268,12,0.5594989561586639,0.46796171291027705
"Coin Post – Деньги, инвестиции, биткоин",459,2025-12-24T17:22:34+00:00,2026-03-15T17:51:27+00:00,5.6,0,283,11,0.616557734204793,0.46773128440089357
Mr Mozart,476,2024-12-09T20:57:07+00:00,2026-03-13T10:59:15+00:00,1.04,2,301,10,0.6323529411764706,0.46642205696467864
Liquidation Binance + OKX [NN],500,2026-03-14T01:42:00+00:00,2026-03-15T20:09:39+00:00,250.0,0,169,6,0.338,0.4634404014676866
Blog CryptoJuke,384,2025-10-02T12:31:15+00:00,2026-03-15T09:31:53+00:00,2.34,0,286,8,0.7447916666666666,0.45788440963526233
Всё о крипте с Керей,451,2025-12-31T08:52:45+00:00,2026-03-15T19:36:56+00:00,6.01,0,223,12,0.49445676274944567,0.4382252279346912
Lemon Whale,443,2025-11-13T06:55:03+00:00,2026-03-14T14:07:46+00:00,3.63,1,253,9,0.5711060948081265,0.4341118300909862
Trade by Booba,409,2025-06-24T07:30:47+00:00,2026-03-15T15:29:05+00:00,1.54,0,213,11,0.5207823960880196,0.42719208581082113
Binance Killers [VIP],500,2026-01-08T23:38:10+00:00,2026-03-15T17:36:04+00:00,7.58,0,221,11,0.442,0.42491110871602006
Преступления финансовой Элиты,432,2025-11-08T09:22:47+00:00,2026-03-15T17:59:36+00:00,3.38,0,246,8,0.5694444444444444,0.4235619693573309
CoinSignals [VIP],493,2026-01-04T08:28:42+00:00,2026-03-15T12:06:47+00:00,6.94,0,254,8,0.5152129817444219,0.4227428954331013
Козырный | CRYPTO,394,2025-10-21T19:09:44+00:00,2026-03-13T10:05:53+00:00,2.76,2,178,13,0.4517766497461929,0.4209635577629912
SANCHO D.T.,743,2024-08-16T08:10:26+00:00,2026-03-13T14:22:51+00:00,1.29,2,231,12,0.31090174966352624,0.4195021748029752
Crypto Digest,472,2026-02-08T07:08:48+00:00,2026-03-15T19:41:06+00:00,13.11,0,208,10,0.4406779661016949,0.4142503150567641
Интра 2.0 ☃️,444,2026-03-14T22:40:15+00:00,2026-03-15T20:12:18+00:00,444.0,0,6,1,0.013513513513513514,0.4115675335320629
Veles.Finance RU,324,2025-07-17T17:53:56+00:00,2026-03-15T13:01:55+00:00,1.34,0,167,11,0.5154320987654321,0.40771321960362433
Крипто Гуру,478,2025-12-15T16:59:11+00:00,2026-03-15T19:50:02+00:00,5.25,0,191,11,0.399581589958159,0.40712729235443534
TraderSTI,451,2025-07-02T04:38:16+00:00,2026-03-11T02:14:37+00:00,1.79,4,221,8,0.49002217294900224,0.4030924954601976
SIMPLE CRYPTO,389,2025-11-19T07:05:57+00:00,2026-03-15T20:29:29+00:00,3.32,0,214,7,0.5501285347043702,0.4007166795902667
Крипта (деньги),457,2025-01-19T13:52:18+00:00,2026-03-15T03:35:14+00:00,1.09,0,192,10,0.4201312910284464,0.40012908757189924
KRIPTOLOL | Заработок на инвестициях и криптовалюте,327,2025-10-14T10:25:14+00:00,2026-03-15T06:07:57+00:00,2.15,0,209,6,0.6391437308868502,0.39980180613430294
Eldorado [Trade],488,2025-10-30T12:47:55+00:00,2026-03-14T07:17:55+00:00,3.61,1,213,8,0.4364754098360656,0.39589678522752936
INVEST ZONE | Khairullin Ruslan,367,2026-02-04T16:21:23+00:00,2026-03-15T15:25:27+00:00,9.41,0,168,8,0.45776566757493187,0.38262297981781385
KONDRATIEV | TRADE,407,2025-11-04T13:40:03+00:00,2026-02-10T12:27:08+00:00,4.15,33,192,8,0.47174447174447176,0.38182452228692787
Crypto | Azam,450,2025-06-05T19:56:00+00:00,2026-03-07T08:37:24+00:00,1.64,8,189,8,0.42,0.38139419079571824
Crypto Falcon,427,2026-01-22T09:57:03+00:00,2026-03-15T16:23:01+00:00,8.06,0,165,9,0.3864168618266979,0.3809843171337815
CRYPTO BOSS,379,2025-12-17T12:12:28+00:00,2026-03-15T18:01:46+00:00,4.26,0,167,8,0.44063324538258575,0.3780941606681023
Market Shadows,461,2026-02-06T00:26:57+00:00,2026-03-15T19:45:17+00:00,12.13,0,149,10,0.3232104121475054,0.37732183179475975
CRYPTO MIRACLE,448,2025-05-30T07:47:49+00:00,2026-03-15T14:35:37+00:00,1.54,0,162,9,0.36160714285714285,0.37421334423414915
World signals,497,2026-02-06T15:58:19+00:00,2026-03-15T18:28:45+00:00,13.08,0,120,12,0.2414486921529175,0.3726764590915005
Sancho DT,386,2025-06-25T15:45:39+00:00,2026-03-15T09:12:28+00:00,1.47,0,127,11,0.3290155440414508,0.37181806095379744
katana,949,2025-12-09T13:25:30+00:00,2026-03-15T13:52:56+00:00,9.78,0,174,10,0.1833508956796628,0.37180326945990666
Профессор Альткоин,463,2026-02-16T13:52:24+00:00,2026-03-15T20:04:51+00:00,16.54,0,148,9,0.31965442764578833,0.37083318547757127
BULLDOG TRADE,483,2025-12-03T13:05:02+00:00,2026-03-15T19:25:36+00:00,4.69,0,171,8,0.35403726708074534,0.3708282495470051
Elliz Live,403,2025-09-24T06:48:45+00:00,2026-03-15T10:11:51+00:00,2.33,0,146,9,0.36228287841191065,0.36809175348388923
Futures [VIP],441,2025-12-05T11:37:42+00:00,2026-03-14T07:17:20+00:00,4.45,1,125,11,0.2834467120181406,0.3672603953704431
Pursuit4Million|Андрей Соболев,402,2025-05-04T12:34:55+00:00,2026-03-13T16:08:27+00:00,1.28,2,145,9,0.36069651741293535,0.36645375829481436
GG Shot Индикатор [VIP],498,2026-03-12T08:19:07+00:00,2026-03-15T19:25:15+00:00,124.5,0,66,9,0.13253012048192772,0.3662461194484239
JewTrade | Вадим Садовский,428,2025-10-06T10:57:19+00:00,2026-03-15T08:39:41+00:00,2.67,0,143,9,0.3341121495327103,0.36405780414905
Dashi Ориентир [VIP],444,2026-01-14T15:03:39+00:00,2026-03-15T11:03:37+00:00,7.4,0,143,8,0.32207207207207206,0.35723134405262646
GET IN CRYPTO | Дмитрий Коновалов,330,2025-10-29T18:00:39+00:00,2026-03-15T09:57:59+00:00,2.41,0,135,7,0.4090909090909091,0.3531582060074557
Big Trader [VIP],476,2026-01-15T18:09:26+00:00,2026-03-15T13:20:56+00:00,8.07,0,127,9,0.2668067226890756,0.35287152189258764
TITOFF,489,2024-11-24T10:31:48+00:00,2026-03-14T13:05:44+00:00,1.03,1,220,2,0.4498977505112474,0.35285570219390716
Traid Invest,400,2026-01-29T09:43:25+00:00,2026-03-15T14:35:53+00:00,8.7,0,138,7,0.345,0.3504867644431082
Золотое правило,493,2026-01-27T14:20:23+00:00,2026-03-15T19:00:04+00:00,10.27,0,85,12,0.1724137931034483,0.3498340395374549
Morzh,349,2025-04-03T10:45:17+00:00,2026-03-12T08:23:29+00:00,1.02,3,179,3,0.5128939828080229,0.34979166145179236
Ростислав Dept,328,2025-11-01T17:10:13+00:00,2026-03-15T10:58:45+00:00,2.45,0,117,8,0.3567073170731707,0.3479987682998198
Прометей,419,2025-08-26T09:22:32+00:00,2026-03-15T08:58:07+00:00,2.08,0,128,8,0.3054892601431981,0.34695380643041385
Антон Косматов | Алготрейд,292,2026-02-08T15:42:25+00:00,2026-03-15T14:34:35+00:00,8.34,0,105,8,0.3595890410958904,0.34604331674594624
ОКО ИНВЕСТОРОВ 👁️,478,2025-12-11T11:16:02+00:00,2026-03-15T10:29:33+00:00,5.09,0,128,8,0.26778242677824265,0.34434864432023754
С 0 до Сатоши,447,2026-01-07T19:30:53+00:00,2026-03-15T19:57:17+00:00,6.57,0,181,3,0.40492170022371365,0.34265162253259807
Валерий Зарудний ✨ Трейдинг,426,2025-05-19T08:01:37+00:00,2026-03-14T07:54:35+00:00,1.42,1,108,9,0.2535211267605634,0.34040959170372753
Whale Trade🐋 | Данил Ткачев,437,2026-02-08T11:22:39+00:00,2026-03-15T16:33:02+00:00,12.14,0,88,10,0.20137299771167047,0.33956169658363083
Crypto Insider Signals,450,2025-10-27T11:02:38+00:00,2026-03-15T20:10:53+00:00,3.21,0,141,6,0.31333333333333335,0.33822280255909176
Шеф Пиратович,267,2025-09-28T17:55:10+00:00,2026-03-13T16:14:00+00:00,1.61,2,114,6,0.42696629213483145,0.3377993892602452
Хайдар Сабиев [VIP],500,2024-12-11T16:01:19+00:00,2026-03-15T14:31:36+00:00,1.09,0,107,9,0.214,0.33599461151780385
VIP марафон | Даниэль,494,2025-12-26T13:59:28+00:00,2026-03-15T16:58:02+00:00,6.17,0,78,11,0.15789473684210525,0.3359047522123203
ВОСХОД | TRADING,477,2025-12-06T09:38:40+00:00,2026-03-15T06:34:49+00:00,4.82,0,65,12,0.13626834381551362,0.33539654761773735
88 CRYPTOCLUB,426,2026-02-05T10:02:35+00:00,2026-03-15T19:30:20+00:00,10.92,0,115,7,0.2699530516431925,0.3341898817371407
Bryan | Crypto blog,447,2026-01-08T15:55:03+00:00,2026-03-15T18:14:41+00:00,6.67,0,83,10,0.18568232662192394,0.3334030782214261
Budka | Trade,343,2026-01-09T13:39:24+00:00,2026-03-15T18:30:44+00:00,5.2,0,94,8,0.27405247813411077,0.33114143255246353
Диалог с Трейдером,476,2025-12-28T10:35:46+00:00,2026-02-27T08:50:14+00:00,7.8,16,87,10,0.18277310924369747,0.3305307753095945
MIKO TRADE,424,2025-12-06T16:39:57+00:00,2026-03-15T17:12:10+00:00,4.24,0,102,8,0.24056603773584906,0.33046554048747157
SIMPLE CRYPTO [VIP],493,2026-02-02T11:25:48+00:00,2026-03-15T15:21:25+00:00,11.74,0,89,9,0.18052738336713997,0.32990870079227685
Вкус Крипты | Trading,403,2025-11-06T15:21:18+00:00,2026-03-15T15:30:49+00:00,3.1,0,133,5,0.33002481389578164,0.328960132224886
ВИЗИОНЕР 🎴,472,2025-12-04T12:09:12+00:00,2026-03-15T14:01:30+00:00,4.63,0,112,7,0.23728813559322035,0.326697341670045
ERMOLOV [TRADING],403,2026-01-23T12:18:23+00:00,2026-03-15T17:05:40+00:00,7.75,0,80,9,0.19851116625310175,0.32631706690864815
Тимофей: Price Killer,448,2026-02-12T08:26:42+00:00,2026-03-15T19:00:06+00:00,14.0,0,77,9,0.171875,0.32510648208550663
Фишер // Room 404,461,2025-08-16T16:12:53+00:00,2026-03-14T12:23:13+00:00,2.2,1,98,8,0.21258134490238612,0.3246752339943133
СЛИВ VIP каналов,442,2025-11-16T08:25:58+00:00,2026-03-15T05:12:07+00:00,3.71,0,94,8,0.21266968325791855,0.3240221369536433
CryptoZone,491,2025-12-12T08:02:57+00:00,2026-03-15T08:34:26+00:00,5.22,0,59,11,0.12016293279022404,0.32373692126666404
Crypto Futures [Signal],413,2026-01-25T17:02:49+00:00,2026-03-15T16:06:17+00:00,8.43,0,86,8,0.20823244552058112,0.3224079256912633
Мысли Бориса,401,2026-02-25T10:28:12+00:00,2026-03-15T18:01:20+00:00,21.11,0,65,9,0.16209476309226933,0.3223704695878066
Точка FOMO,500,2026-01-25T12:42:01+00:00,2026-03-15T18:11:24+00:00,10.0,0,103,7,0.206,0.3221460198786256
СЛИВА,385,2025-09-08T16:41:24+00:00,2026-03-04T14:01:16+00:00,2.18,11,69,10,0.17922077922077922,0.3217318485624276
FOMO.NET,427,2026-02-11T14:13:55+00:00,2026-03-15T18:33:20+00:00,12.94,0,71,9,0.16627634660421545,0.32158521700710774
PIXEL [VIP],437,2025-12-13T17:37:16+00:00,2026-03-15T16:14:57+00:00,4.75,0,77,9,0.17620137299771166,0.3213942911634836
CryptoGrad,389,2025-11-11T11:39:30+00:00,2026-02-25T14:26:40+00:00,3.64,18,58,11,0.14910025706940874,0.320353818807562
Dragon Trading,470,2026-01-07T12:20:42+00:00,2026-03-15T06:34:48+00:00,7.01,0,50,11,0.10638297872340426,0.31941218192065773
Из Грязи В Князи,466,2025-03-18T16:27:44+00:00,2026-03-15T16:46:59+00:00,1.28,0,78,9,0.16738197424892703,0.31931404705859734
правдивый исход,473,2026-02-05T09:04:58+00:00,2026-03-15T19:00:07+00:00,12.13,0,58,10,0.1226215644820296,0.31900622296769066
Максим Борман | Crypto,468,2026-02-12T11:16:34+00:00,2026-03-15T16:41:14+00:00,14.62,0,80,8,0.17094017094017094,0.31882308281626154
Теория Вероятностей | TT,417,2026-02-17T16:45:28+00:00,2026-03-15T20:06:56+00:00,15.44,0,99,6,0.23741007194244604,0.31856661221326
Real Trade [VIP],481,2025-12-14T12:24:47+00:00,2026-03-15T12:55:13+00:00,5.23,0,62,10,0.1288981288981289,0.3181945615990637
Блог 🐳 Давид Ткачев,483,2025-08-21T20:13:38+00:00,2026-03-15T13:19:01+00:00,2.34,0,64,10,0.13250517598343686,0.3180902258621578
сансара катаны,471,2025-11-25T11:27:35+00:00,2026-03-15T12:44:41+00:00,4.24,0,62,10,0.1316348195329087,0.31803609884394723
Moon&Sun,436,2026-03-09T10:37:40+00:00,2026-03-15T18:24:58+00:00,62.29,0,55,7,0.12614678899082568,0.31766638055245267
«ПАВЛОВ»,426,2026-01-13T09:03:01+00:00,2026-03-15T14:55:31+00:00,6.87,0,43,11,0.10093896713615023,0.3159122990864916
GTE Инвестиции,361,2025-03-11T15:30:20+00:00,2026-03-15T18:32:04+00:00,0.98,0,52,10,0.1440443213296399,0.3137784511644942
Интра 2.0 (Мысли Вайкоффа),483,2025-12-12T19:08:23+00:00,2025-12-15T06:44:12+00:00,161.0,90,34,6,0.07039337474120083,0.3134768774327137
Trade_Soul,377,2025-12-18T09:39:46+00:00,2026-03-15T15:20:43+00:00,4.28,0,95,6,0.2519893899204244,0.31343400194517473
Сделки Диллера ♠️,490,2025-12-26T21:06:25+00:00,2026-03-15T20:15:11+00:00,6.2,0,54,10,0.11020408163265306,0.3133935153989724
Crypto world,475,2025-10-28T11:37:46+00:00,2026-03-15T15:56:50+00:00,3.42,0,66,9,0.13894736842105262,0.3123796963585145
DELTA,258,2026-01-04T16:48:53+00:00,2026-03-15T19:02:54+00:00,3.63,0,60,8,0.23255813953488372,0.3121599223818996
Vagr Team 🐅,404,2026-02-20T13:25:38+00:00,2026-03-15T19:57:17+00:00,16.83,0,75,7,0.18564356435643564,0.31162444427982094
На Заборе,400,2026-02-27T15:44:05+00:00,2026-03-15T18:02:32+00:00,23.53,0,47,9,0.1175,0.311408995205721
OREL TRADE 🦅,493,2025-12-24T10:06:04+00:00,2026-03-15T14:53:57+00:00,6.01,0,51,10,0.10344827586206896,0.311370416792466
Money Crypto [VIP],372,2026-02-22T14:33:18+00:00,2026-03-15T18:07:57+00:00,16.91,0,83,6,0.22311827956989247,0.31117902265279374
Trade Invest [VIP],372,2026-02-22T14:33:19+00:00,2026-03-15T18:07:57+00:00,16.91,0,83,6,0.22311827956989247,0.31117902265279374
Гагарин ®,428,2025-10-18T05:49:20+00:00,2026-03-12T20:52:23+00:00,2.93,3,75,8,0.17523364485981308,0.31107829967067324
Сава Торгует,435,2026-02-14T07:54:02+00:00,2026-03-15T18:52:58+00:00,14.5,0,66,8,0.15172413793103448,0.31102055053341693
Нектарный Рынок,456,2026-02-05T13:05:44+00:00,2026-03-15T18:05:03+00:00,11.69,0,81,7,0.17763157894736842,0.310923149596841
Герман на блокчейне [VIP],497,2025-10-01T05:46:28+00:00,2026-03-13T17:09:14+00:00,3.03,2,65,9,0.13078470824949698,0.3103481730420593
Сценарист,473,2026-02-23T16:12:22+00:00,2026-03-15T18:02:52+00:00,22.52,0,49,9,0.10359408033826638,0.31031180858097956
Бегущий по свечам,429,2026-02-24T16:42:00+00:00,2026-03-15T18:02:13+00:00,21.45,0,48,9,0.11188811188811189,0.310291818999186
МАТЕШЕВ | Мастерская Трейдинга,259,2025-11-19T11:19:03+00:00,2026-03-15T20:01:38+00:00,2.21,0,68,7,0.2625482625482625,0.31025258551656915
КРИПТОЧАЙ,444,2025-07-26T06:54:15+00:00,2026-03-15T18:12:59+00:00,1.91,0,62,9,0.13963963963963963,0.3101351299352664
BIG TRADER,371,2026-02-23T16:41:19+00:00,2026-03-15T14:33:01+00:00,18.55,0,69,7,0.18598382749326145,0.3099793012667862
Алексей Гудов | GudEx Crypto,285,2025-09-26T07:00:34+00:00,2026-03-13T15:57:01+00:00,1.69,2,91,5,0.3192982456140351,0.3094194619667276
Шепчущий Трейдер,383,2026-01-08T10:28:37+00:00,2026-03-15T17:53:38+00:00,5.72,0,77,7,0.2010443864229765,0.30905631535392986
Михалыч [VIP],68,2025-12-12T14:06:02+00:00,2026-03-15T14:43:31+00:00,0.72,0,32,6,0.47058823529411764,0.3090092675008813
CRYPTO HABIK,453,2025-12-17T15:19:26+00:00,2026-03-15T13:12:04+00:00,5.15,0,94,6,0.20750551876379691,0.3087436863622231
Anton Kosmatov | FUNDED TRADER,422,2026-01-20T19:07:32+00:00,2026-03-15T12:36:04+00:00,7.81,0,66,8,0.15639810426540285,0.30849802666212217
Crypto Juke [VIP],51,2025-12-15T12:15:39+00:00,2026-03-12T18:49:37+00:00,0.58,3,22,7,0.43137254901960786,0.307542570691709
Litvinoff,212,2025-12-11T16:48:01+00:00,2026-03-15T14:38:01+00:00,2.26,0,32,10,0.1509433962264151,0.3068942211476897
Дневник Трейдера,442,2026-02-14T14:04:59+00:00,2026-03-15T17:46:46+00:00,14.73,0,35,10,0.07918552036199095,0.30620116576608836
БИТКОИН Адепт,424,2024-10-21T08:59:09+00:00,2026-03-15T18:45:01+00:00,0.83,0,113,4,0.2665094339622642,0.3053876154413234
Crypto Alliance | Мартин,498,2025-12-18T10:53:14+00:00,2026-03-15T14:01:01+00:00,5.66,0,78,7,0.1566265060240964,0.30477256692074495
CRYPTO PULSE | Основы торговли,484,2025-10-28T16:46:18+00:00,2026-03-14T09:18:28+00:00,3.53,1,66,8,0.13636363636363635,0.30417097216915084
Первый Трейдинговый,323,2026-02-04T19:23:01+00:00,2026-03-15T17:21:47+00:00,8.28,0,32,10,0.09907120743034056,0.3041568761918738
Твой Наставник | BTC,457,2026-01-17T20:22:15+00:00,2026-03-15T16:31:56+00:00,8.02,0,61,8,0.13347921225382933,0.304138658521531
Крипто Хулиганы🏴‍☠️,437,2025-10-02T16:41:26+00:00,2026-03-15T16:05:44+00:00,2.66,0,87,6,0.19908466819221968,0.3038725347351288
Crypto Daniel,486,2026-01-19T11:47:20+00:00,2026-03-15T19:03:36+00:00,8.68,0,86,6,0.17695473251028807,0.3038502695743866
ST Crypto | Ilya Monk,425,2026-02-08T14:15:24+00:00,2026-03-15T20:05:40+00:00,11.81,0,68,7,0.16,0.30380444569871584
ALEX FINN - МАРАФОН,468,2026-01-13T18:10:59+00:00,2026-03-15T19:47:58+00:00,7.55,0,46,9,0.09829059829059829,0.30178361565469347
ENOT TRADE | Crypto,366,2026-01-15T17:05:10+00:00,2026-03-15T17:53:04+00:00,6.1,0,53,8,0.1448087431693989,0.301189719823786
Doctor Baks,484,2025-06-12T10:59:33+00:00,2026-03-13T17:14:27+00:00,1.76,2,62,8,0.128099173553719,0.3005738530708925
ANTIHYIP Trade. Управление капиталом💵💴💶💷,421,2025-11-19T17:13:23+00:00,2026-03-14T10:58:41+00:00,3.66,1,68,7,0.16152019002375298,0.2999984162575422
Мыслитель,431,2025-12-28T17:06:01+00:00,2026-02-01T10:43:02+00:00,12.31,42,81,7,0.18793503480278423,0.29991364969979506
Lazy Trader,444,2025-12-10T12:44:43+00:00,2026-03-11T12:23:46+00:00,4.88,4,34,10,0.07657657657657657,0.2999026849731622
Адам | Марафон до 100к$,489,2026-01-17T10:56:18+00:00,2026-03-15T19:24:26+00:00,8.43,0,30,10,0.06134969325153374,0.29944332971883003
Торговый Букваръ,387,2026-02-04T08:57:57+00:00,2026-03-15T17:04:44+00:00,9.68,0,71,6,0.1834625322997416,0.29884519558252864
убийцы рынка,493,2026-02-24T09:53:57+00:00,2026-03-15T16:36:39+00:00,24.65,0,103,3,0.20892494929006086,0.29828314754728613
CRYPTOLAB,461,2026-02-13T17:00:21+00:00,2026-03-15T18:36:15+00:00,14.87,0,35,9,0.07592190889370933,0.2982290860985658
Трейдинг в благости - Игорь Павленко,428,2025-07-20T03:22:06+00:00,2026-03-14T16:12:53+00:00,1.8,1,89,5,0.20794392523364486,0.29724748774335863
polina eth,473,2025-10-06T19:03:43+00:00,2026-03-14T12:45:36+00:00,2.97,1,42,9,0.08879492600422834,0.2967913950066491
CRYPTO VANGA CHAT,463,2025-08-04T07:53:53+00:00,2026-03-11T12:16:13+00:00,2.1,4,29,10,0.06263498920086392,0.29513951562960045
Проп-трейдер | Hash Hedge,162,2025-05-12T06:51:00+00:00,2026-03-13T13:52:34+00:00,0.53,2,32,8,0.19753086419753085,0.29503513350466043
ST CRYPTO CHAT,472,2026-02-28T15:41:37+00:00,2026-03-15T20:05:43+00:00,29.5,0,42,7,0.08898305084745763,0.2936715429738067
Лесенка «50 иксов»,486,2025-10-14T06:15:15+00:00,2026-03-05T13:57:02+00:00,3.4,10,28,10,0.05761316872427984,0.2930209884742014
ORION,452,2026-02-07T15:40:16+00:00,2026-03-15T19:50:46+00:00,12.22,0,52,7,0.11504424778761062,0.29271819870488214
2Trade - Kirill Sobolev,361,2026-01-29T12:07:59+00:00,2026-03-15T07:44:54+00:00,8.02,0,83,4,0.2299168975069252,0.2925040822741125
Lúna | ICT,437,2026-02-19T15:59:37+00:00,2026-03-15T18:07:59+00:00,17.48,0,34,8,0.07780320366132723,0.29150080291836844
Кондитерская,432,2026-02-11T16:39:04+00:00,2026-03-15T18:03:29+00:00,13.09,0,25,9,0.05787037037037037,0.2914382413686643
покаяние шортиста,454,2026-02-07T08:58:34+00:00,2026-03-15T19:57:08+00:00,12.27,0,38,8,0.08370044052863436,0.2914105553058772
SPECULANTKA,401,2026-01-14T16:00:16+00:00,2026-03-15T18:55:23+00:00,6.57,0,40,8,0.09975062344139651,0.29134757721209226
Алексей Руденко [VIP],196,2025-12-15T02:47:54+00:00,2026-03-14T07:33:45+00:00,2.18,1,55,5,0.28061224489795916,0.29113688621896666
ALGO TRADING,427,2026-01-23T15:02:32+00:00,2026-03-15T19:23:56+00:00,8.21,0,27,9,0.06323185011709602,0.29062180843717533
Тихая грань,440,2025-12-04T16:49:05+00:00,2026-02-26T10:09:52+00:00,5.24,17,37,9,0.08409090909090909,0.2905605734607155
"Хитров, в ресурсе!",298,2026-02-12T16:42:28+00:00,2026-03-15T15:44:42+00:00,9.61,0,32,8,0.10738255033557047,0.2902444477695263
VALERIY LONG/SHORT,424,2026-02-04T15:11:32+00:00,2026-03-15T18:06:09+00:00,10.6,0,48,7,0.11320754716981132,0.2901584199334463
Мысли Инсайдера,452,2026-02-17T19:34:33+00:00,2026-03-15T19:01:47+00:00,17.38,0,44,7,0.09734513274336283,0.2899090552824028
CryptoRait,94,2026-01-31T14:30:23+00:00,2026-03-15T09:13:40+00:00,2.19,0,28,6,0.2978723404255319,0.2898909059183217
Прометей PLATINUM,494,2025-11-12T08:54:21+00:00,2026-03-13T14:33:44+00:00,4.05,2,68,6,0.13765182186234817,0.28967991508379015
Harry Houdini,407,2026-01-22T09:18:52+00:00,2026-02-22T15:38:36+00:00,12.72,21,41,8,0.10073710073710074,0.2884451846354492
Клуб Романа Златова,475,2026-02-09T11:48:01+00:00,2026-03-15T18:15:11+00:00,13.57,0,32,8,0.06736842105263158,0.2878248373448704
Стратегия Фадеева,439,2026-01-31T19:13:37+00:00,2026-03-15T18:09:47+00:00,10.21,0,33,8,0.07517084282460136,0.28754022761913545
Билл [Day Trader],490,2025-12-04T08:51:03+00:00,2026-02-01T16:51:04+00:00,8.17,42,30,10,0.061224489795918366,0.2869419262399178
Scalping Blog,476,2026-01-26T13:30:06+00:00,2026-03-13T16:40:56+00:00,10.13,2,33,8,0.06932773109243698,0.2863012842285861
Друг Франклина,479,2025-04-22T06:49:54+00:00,2026-03-15T14:56:56+00:00,1.46,0,62,6,0.12943632567849686,0.2857836689919189
TON Эликсир,499,2025-10-11T05:59:25+00:00,2026-03-15T17:50:53+00:00,3.2,0,23,9,0.04609218436873747,0.2849274605990767
Королев о Крипте | TT,350,2026-02-23T15:16:25+00:00,2026-03-15T20:15:11+00:00,16.67,0,44,6,0.12571428571428572,0.28487704343024944
Теория “Da Vinci” | Crypto,491,2026-01-19T07:59:00+00:00,2026-03-15T19:57:51+00:00,8.77,0,30,8,0.06109979633401222,0.28418561637870593
Лёха в Short’ах Long’ует,468,2025-07-13T07:55:59+00:00,2026-03-15T13:06:28+00:00,1.9,0,58,6,0.12393162393162394,0.28376650288655747
Market View,387,2025-12-19T08:55:12+00:00,2026-03-15T11:20:29+00:00,4.45,0,52,6,0.1343669250645995,0.2835556947647274
Хайдар Сабиев | Крипто Инсайдер,381,2026-01-23T07:50:14+00:00,2026-03-15T16:22:39+00:00,7.33,0,61,5,0.16010498687664043,0.28354790232268723
Роман | Криптоблог,454,2026-01-06T09:09:14+00:00,2026-03-15T19:25:15+00:00,6.58,0,65,5,0.14317180616740088,0.2830683797445882
"""TO THE MOON""",433,2026-02-09T10:47:28+00:00,2026-03-15T19:40:17+00:00,12.37,0,47,6,0.10854503464203233,0.2823643461487511
Ладесов | Инвест логово,374,2025-09-12T18:30:36+00:00,2026-03-13T05:40:17+00:00,2.05,2,40,7,0.10695187165775401,0.2817866067786707
британский студент,405,2026-02-28T09:15:11+00:00,2026-03-15T18:20:14+00:00,25.31,0,13,8,0.03209876543209877,0.2816318657657903
Crypto▫️Man💎,451,2026-01-18T11:38:14+00:00,2026-03-15T17:06:33+00:00,7.91,0,11,9,0.024390243902439025,0.2798580188974992
Концепт ICT,476,2026-02-05T17:45:57+00:00,2026-03-15T10:24:01+00:00,12.53,0,32,7,0.06722689075630252,0.2796491937450528
SOM | trader 📈🎄,497,2025-12-09T15:41:35+00:00,2026-03-15T13:36:49+00:00,5.18,0,25,8,0.05030181086519115,0.2793878104742774
Egor casper | trade,457,2025-11-30T18:48:24+00:00,2026-03-12T08:24:01+00:00,4.48,3,49,6,0.10722100656455143,0.27860610738366237
𝗞𝗢𝗟𝗣𝗜𝗡 | 𝗜𝗡 𝗖𝗥𝗬𝗣𝗧𝗢,419,2026-01-13T13:51:14+00:00,2026-03-14T22:19:13+00:00,6.87,0,56,5,0.13365155131264916,0.2785154365364523
ALEX FINN,464,2026-01-26T15:56:53+00:00,2026-03-15T17:52:07+00:00,9.47,0,67,4,0.14439655172413793,0.27762508450601786
FOMO.NET Chat,439,2026-03-09T09:40:05+00:00,2026-03-15T19:39:37+00:00,62.71,0,27,4,0.06150341685649203,0.27652825150190335
CRYPTO VANGA 2.0,437,2025-10-22T04:45:59+00:00,2026-02-10T11:40:40+00:00,3.9,33,59,6,0.13501144164759726,0.27652041391117416
Gerchik Trading Ecosystem,344,2025-10-03T09:27:01+00:00,2026-03-15T11:34:03+00:00,2.1,0,41,6,0.11918604651162791,0.2764003727019686
t.me/altbearcrypto,343,2026-02-13T08:36:35+00:00,2026-03-15T18:26:12+00:00,11.06,0,35,6,0.10204081632653061,0.276179679236978
АЛЬТ || БЕРЛОГА,343,2026-02-13T08:36:35+00:00,2026-03-15T18:26:12+00:00,11.06,0,35,6,0.10204081632653061,0.276179679236978
CEO Михаил,499,2025-12-31T14:26:01+00:00,2026-03-15T19:24:26+00:00,6.65,0,31,7,0.06212424849699399,0.2760552470691644
Vip Signal (Марафон х10),494,2025-09-19T19:14:24+00:00,2026-03-13T19:56:42+00:00,2.81,2,58,5,0.11740890688259109,0.2752098067409167
KostyaKogan,496,2025-12-16T08:50:59+00:00,2026-03-15T20:08:57+00:00,5.51,0,18,8,0.036290322580645164,0.2751996452103612
Мысли Эйнштейна,233,2026-02-11T11:19:19+00:00,2026-03-15T17:20:56+00:00,7.06,0,38,5,0.1630901287553648,0.27432649342229587
Trading Time,459,2025-05-15T08:18:53+00:00,2026-03-13T15:22:12+00:00,1.51,2,44,6,0.09586056644880174,0.27432304697396653
Эмиль Панахов | IN CRYPTO WE TRUST,399,2026-01-14T04:15:43+00:00,2026-03-15T15:58:44+00:00,6.54,0,23,7,0.05764411027568922,0.272260853531838
Let’s Focus Trade ©,392,2025-09-24T10:37:44+00:00,2026-03-14T09:15:47+00:00,2.29,1,37,6,0.09438775510204081,0.27194929501022946
CRYPTOGRAD [VIP],434,2025-10-26T22:06:53+00:00,2026-01-17T10:11:34+00:00,5.23,57,24,9,0.055299539170506916,0.2704289676826738
EVEREST🏔TRADE,447,2025-06-04T08:15:29+00:00,2026-03-07T10:28:09+00:00,1.61,8,63,4,0.14093959731543623,0.269727884430148
Андрей Чепраков | Trading,492,2026-01-14T10:44:42+00:00,2026-03-15T19:22:56+00:00,8.07,0,19,7,0.03861788617886179,0.2693142729318652
SIRIUS TRADE,479,2025-10-18T12:40:33+00:00,2026-03-15T18:22:49+00:00,3.21,0,59,4,0.12317327766179541,0.26930159196750725
Интра 2.0 | Мысли Вайкоффа,400,2026-03-10T14:56:45+00:00,2026-03-15T18:52:41+00:00,66.67,0,24,3,0.06,0.2692339662046347
Костя VIP Марафон,499,2026-01-12T14:36:07+00:00,2026-03-15T18:04:12+00:00,7.92,0,19,7,0.03807615230460922,0.26918979744026295
Трейдер [Лукас],500,2026-01-12T12:14:48+00:00,2026-03-15T18:04:22+00:00,7.94,0,31,6,0.062,0.26893096843301484
"АНДРЕЙ, КОГДА ИКСЫ?",460,2026-01-13T11:55:58+00:00,2026-03-15T15:25:33+00:00,7.42,0,30,6,0.06521739130434782,0.2686254369688144
Pifagor Среднесрок [VIP],174,2026-02-03T16:50:06+00:00,2026-03-13T15:59:36+00:00,4.58,2,13,7,0.07471264367816093,0.2684891106005359
МАРК РИСК📈,406,2025-12-17T19:11:49+00:00,2026-03-15T17:06:56+00:00,4.61,0,53,4,0.13054187192118227,0.26825061517381693
Yan Verbin | Community,448,2026-02-13T17:26:20+00:00,2026-03-15T20:19:54+00:00,14.45,0,48,4,0.10714285714285714,0.26817864905518385
FOMA TRADE,472,2026-02-11T14:18:14+00:00,2026-03-15T20:21:24+00:00,14.3,0,49,4,0.1038135593220339,0.2681706231899309
Trending Apps,476,2024-12-06T21:45:00+00:00,2026-03-15T15:02:03+00:00,1.03,0,46,5,0.09663865546218488,0.2679039150729625
speculanttt,364,2026-02-05T10:18:38+00:00,2026-03-15T11:22:30+00:00,9.33,0,36,5,0.0989010989010989,0.2677875489614917
Вавилон,408,2025-11-22T16:37:58+00:00,2026-03-11T14:31:59+00:00,3.74,4,43,5,0.1053921568627451,0.26763813733922204
Теория Вероятностей [VIP],435,2025-12-12T21:23:02+00:00,2026-03-11T09:52:07+00:00,4.89,4,19,7,0.04367816091954023,0.26723520773008635
КОТОВ | #1 ПО ШОРТАМ,322,2026-02-07T15:25:57+00:00,2026-03-15T19:03:25+00:00,8.7,0,44,4,0.13664596273291926,0.2670506860188929
Scalp Arena,483,2025-12-01T10:52:16+00:00,2026-02-13T07:27:06+00:00,6.53,30,42,6,0.08695652173913043,0.2665829818131446
реинкарнация катаны,491,2025-09-13T12:14:38+00:00,2026-03-15T09:25:36+00:00,2.68,0,30,6,0.06109979633401222,0.2660577577508473
NeoTrading,471,2026-02-04T18:39:46+00:00,2026-03-15T17:07:00+00:00,12.08,0,34,5,0.07218683651804671,0.265401460683184
AltCentr,448,2026-01-07T10:28:15+00:00,2026-03-15T10:42:12+00:00,6.59,0,11,7,0.024553571428571428,0.26389596610725535
VAGR TRADING,463,2026-03-03T15:32:54+00:00,2026-03-15T20:07:05+00:00,35.62,0,26,4,0.056155507559395246,0.263354486021743
INVEX GROUP,383,2026-02-20T11:35:13+00:00,2026-03-15T18:54:46+00:00,15.96,0,14,6,0.03655352480417755,0.2629127780577989
©️Скрытая динамика,458,2025-10-28T12:43:51+00:00,2026-01-05T13:38:10+00:00,6.54,69,41,7,0.08951965065502183,0.2626522863982687
Марафон By Николай 💬,405,2026-02-26T06:41:27+00:00,2026-03-15T20:31:09+00:00,22.5,0,44,3,0.10864197530864197,0.2626328387015063
CryptoTrader🏴‍☠️,467,2026-01-31T16:05:27+00:00,2026-03-15T19:22:34+00:00,10.61,0,41,4,0.08779443254817987,0.26155147226707737
МЕГА || БЕРЛОГА || МАРТ,321,2026-02-28T16:12:42+00:00,2026-03-15T18:51:24+00:00,20.06,0,8,6,0.024922118380062305,0.2610821101779651
PUMP IT,430,2026-02-18T07:23:24+00:00,2026-03-15T18:02:41+00:00,16.54,0,34,4,0.07906976744186046,0.2604411983997948
ТОРГОВЫЙ АЛЬЯНС | BY TITOV,442,2026-02-11T14:50:11+00:00,2026-03-15T19:14:19+00:00,13.39,0,23,5,0.05203619909502263,0.25937272528681726
Nexus Trade,488,2025-10-31T16:06:39+00:00,2026-03-15T08:34:19+00:00,3.61,0,18,6,0.036885245901639344,0.25902166932557424
LM & Кот | Клуб трейдеров,455,2026-03-10T15:09:36+00:00,2026-03-15T13:37:19+00:00,91.0,0,4,2,0.008791208791208791,0.2589362108461699
Bronks,413,2026-02-20T16:30:47+00:00,2026-03-15T19:58:24+00:00,17.21,0,19,5,0.04600484261501211,0.25882275780977426
Рыночные Отношения,436,2026-02-03T19:34:15+00:00,2026-03-15T18:05:26+00:00,10.9,0,33,4,0.07568807339449542,0.2571361415677848
Kíra | ICT,480,2026-02-04T18:41:50+00:00,2026-03-15T18:48:26+00:00,12.0,0,20,5,0.041666666666666664,0.25642947228895385
ЗИМА,324,2026-03-03T15:23:42+00:00,2026-03-15T13:13:05+00:00,27.0,0,28,3,0.08641975308641975,0.2557770402017787
Bagrov Trade 🎯,452,2025-11-27T10:05:50+00:00,2026-03-15T19:09:10+00:00,4.15,0,23,5,0.05088495575221239,0.2550896276029684
TON AirDrops💎,366,2024-11-16T14:31:21+00:00,2026-03-15T15:04:55+00:00,0.75,0,34,4,0.09289617486338798,0.2547810187632499
PIXEL,334,2026-02-12T07:44:00+00:00,2026-03-15T18:00:47+00:00,10.44,0,16,5,0.04790419161676647,0.2547448997651839
Power Wheels. Диски для Audi.,122,2026-03-14T13:10:41+00:00,2026-03-14T13:24:07+00:00,122.0,1,0,0,0.0,0.25466040414494023
Crypto Capital,396,2026-02-25T12:00:49+00:00,2026-03-15T13:05:32+00:00,20.84,0,21,4,0.05303030303030303,0.25432214794288466
Inv Trading,275,2026-02-04T14:32:59+00:00,2026-03-15T15:18:38+00:00,6.88,0,45,2,0.16363636363636364,0.2540908086174116
Старший (@sniperusdt),409,2025-11-12T15:48:33+00:00,2026-03-13T18:28:19+00:00,3.35,2,22,5,0.05378973105134474,0.25403602878497034
Крипто кодекс | Алексей Журавлев,484,2026-01-19T13:04:06+00:00,2026-03-15T18:43:42+00:00,8.64,0,43,3,0.08884297520661157,0.2539004781214877
Binance Killer [VIP],133,2025-05-21T17:12:42+00:00,2025-08-21T17:18:09+00:00,1.43,206,50,7,0.37593984962406013,0.25376831328422544
Семейный Чат | Колпин,466,2026-01-17T22:53:03+00:00,2026-01-22T06:47:22+00:00,93.2,52,6,3,0.012875536480686695,0.25355047072669706
АЛЬТАДОР,395,2026-02-04T16:41:47+00:00,2026-03-15T16:12:32+00:00,10.13,0,47,2,0.1189873417721519,0.25168304722865487
"Viktor Trade (Crypto,Stock,Forex,Metal)",466,2025-09-26T07:09:54+00:00,2026-03-15T20:01:23+00:00,2.73,0,42,3,0.09012875536480687,0.2509641073265575
Юлия ПАМП/ДАМП,271,2026-01-11T17:32:15+00:00,2026-03-15T13:44:07+00:00,4.3,0,32,3,0.11808118081180811,0.2505148844647594
HAMAHA [VIP],497,2025-11-04T09:45:58+00:00,2026-03-14T09:09:52+00:00,3.82,1,17,5,0.03420523138832998,0.2504385989819326
The Indicator,461,2026-01-20T09:11:37+00:00,2026-03-15T18:15:08+00:00,8.38,0,37,3,0.08026030368763558,0.25042610901670187
LOFI | CRYPTO,461,2026-01-26T10:34:48+00:00,2026-03-15T15:19:54+00:00,9.41,0,35,3,0.07592190889370933,0.2496157804852602
Мысли Вайкоффа,382,2026-02-20T15:21:25+00:00,2026-03-15T18:03:05+00:00,15.92,0,17,4,0.04450261780104712,0.24957300981309039
Блог Родиона | Crypto,420,2026-02-17T12:41:24+00:00,2026-03-15T18:04:25+00:00,15.56,0,29,3,0.06904761904761905,0.24920826041699168
MANIPULATOR,342,2025-12-15T14:44:38+00:00,2026-03-15T18:23:02+00:00,3.76,0,34,3,0.09941520467836257,0.24912937633437382
😈 Секта Цезаря 😈,450,2026-03-11T14:57:51+00:00,2026-03-15T19:07:57+00:00,90.0,0,1,1,0.0022222222222222222,0.24887556461908442
Непосредственно трейдер,428,2026-02-22T08:52:37+00:00,2026-03-15T17:51:42+00:00,19.45,0,14,4,0.03271028037383177,0.2486965105690801
Дневник Скальпера,496,2025-12-01T08:09:07+00:00,2026-03-13T15:01:33+00:00,4.82,2,51,2,0.1028225806451613,0.2486410897238573
Trade_Soul | Public Chat,422,2026-03-02T16:04:07+00:00,2026-03-15T15:20:52+00:00,32.46,0,16,3,0.037914691943127965,0.24822982884536715
ректуемся с катаной,490,2025-08-28T10:42:02+00:00,2026-03-15T15:14:48+00:00,2.45,0,26,4,0.053061224489795916,0.2480879971091431
Профессор Клинков,322,2024-10-24T13:17:07+00:00,2026-03-15T20:23:02+00:00,0.63,0,44,2,0.13664596273291926,0.2480309354991424
🔹AI Трейдинг Крипта | Анализ + Сигналы | BuySellStyle AIHermes,387,2025-11-07T10:41:28+00:00,2026-03-15T15:33:09+00:00,3.0,0,23,4,0.059431524547803614,0.24777709970609493
ЛУДОМАНИЯ 🎰,448,2025-12-17T21:41:40+00:00,2026-03-12T10:49:59+00:00,5.27,3,24,4,0.05357142857142857,0.2477096568515325
ренессанс самурая,485,2026-01-13T13:42:39+00:00,2026-03-15T19:00:50+00:00,7.82,0,33,3,0.06804123711340206,0.2472531635499667
Андрей Андреевич | Pump AI Crypto,351,2026-02-17T09:02:13+00:00,2026-03-15T16:56:45+00:00,13.0,0,14,4,0.039886039886039885,0.24654490254763106
Crypto || Lady 👩🏻‍💻,353,2026-02-25T01:31:02+00:00,2026-03-15T16:11:46+00:00,18.58,0,21,3,0.059490084985835696,0.24629040778586864
Мысли ICT,359,2026-02-26T12:53:48+00:00,2026-03-15T18:54:37+00:00,19.94,0,9,4,0.025069637883008356,0.24606821427507586
R. BIG MONEY,316,2026-02-04T10:31:25+00:00,2026-03-15T18:58:13+00:00,7.9,0,15,4,0.04746835443037975,0.24545338726931626
TOKO NEWSNO,412,2026-02-26T20:51:37+00:00,2026-03-15T20:09:11+00:00,24.24,0,17,3,0.0412621359223301,0.2452880445415711
Словарь | трейдинга,485,2025-11-04T10:13:43+00:00,2026-03-15T07:34:02+00:00,3.7,0,8,5,0.016494845360824743,0.24513516705560418
Lamba с нуля,404,2026-02-02T10:21:33+00:00,2026-03-15T17:40:30+00:00,9.62,0,25,3,0.06188118811881188,0.24414265952778508
триумф спекулянта,467,2026-01-21T08:17:04+00:00,2026-03-15T18:39:49+00:00,8.65,0,26,3,0.055674518201284794,0.24346300283143535
Нестеров МАРАФОН!,366,2026-02-18T14:16:32+00:00,2026-03-15T18:25:19+00:00,14.08,0,9,4,0.02459016393442623,0.24337820697644463
Dobrunia trader,244,2026-01-13T06:39:26+00:00,2026-03-14T05:11:49+00:00,4.07,1,40,1,0.16393442622950818,0.24282311043346005
SMT Traderrr,376,2025-11-28T19:31:55+00:00,2026-03-15T12:04:55+00:00,3.51,0,15,4,0.0398936170212766,0.2426802006779221
MENSA TRADING,412,2026-01-28T19:29:39+00:00,2026-03-15T16:48:56+00:00,8.96,0,23,3,0.055825242718446605,0.242390644910122
Go Trade,393,2025-10-08T16:46:30+00:00,2026-03-13T12:03:26+00:00,2.52,2,38,2,0.09669211195928754,0.2416404614793461
Дмитрий Щукин | Crypto Trading,241,2023-10-31T11:57:46+00:00,2026-03-11T15:28:50+00:00,0.28,4,32,2,0.13278008298755187,0.24137764930757416
To the moon | crypt.,485,2025-12-03T04:28:48+00:00,2026-03-15T17:50:29+00:00,4.71,0,13,4,0.026804123711340205,0.24102716552287587
Джо,407,2026-02-17T14:33:33+00:00,2026-03-15T17:58:22+00:00,15.07,0,16,3,0.03931203931203931,0.24054328370767664
BIG SHORT,429,2026-02-10T07:23:44+00:00,2026-02-25T12:47:05+00:00,26.81,18,28,2,0.06526806526806526,0.24047529515124205
Александр Герчик [VIP],274,2026-02-05T10:36:13+00:00,2026-03-15T08:40:18+00:00,7.21,0,17,3,0.06204379562043796,0.2397999399416882
Trading Volium,312,2025-04-01T16:03:04+00:00,2026-03-13T14:06:48+00:00,0.9,2,22,3,0.07051282051282051,0.23930453270061716
7 грехов трейдера,393,2026-01-30T09:59:32+00:00,2026-03-15T18:05:27+00:00,8.73,0,18,3,0.04580152671755725,0.23918768778391475
YURA TRADE,449,2026-02-21T07:00:31+00:00,2026-03-15T19:30:22+00:00,19.52,0,11,3,0.024498886414253896,0.23894531512469208
Профит будет.,437,2025-08-17T09:17:51+00:00,2026-03-15T17:12:01+00:00,2.07,0,11,4,0.02517162471395881,0.2388479321006739
"— Хрусталев, Жги!",452,2026-01-23T16:42:00+00:00,2026-03-12T12:58:29+00:00,9.42,3,29,2,0.06415929203539823,0.23735302677997772
Roman Robertovich,430,2026-02-09T14:51:24+00:00,2026-03-15T14:20:15+00:00,12.65,0,13,3,0.030232558139534883,0.2372715837263412
Марафон | MG,480,2025-12-14T15:55:03+00:00,2026-03-15T14:52:01+00:00,5.27,0,31,2,0.06458333333333334,0.23723040831260478
SURF,389,2026-02-17T04:37:51+00:00,2026-03-15T19:30:23+00:00,14.41,0,10,3,0.02570694087403599,0.2363611397804663
Душевный трейдинг,474,2025-08-24T10:55:03+00:00,2026-03-15T16:51:58+00:00,2.32,0,7,4,0.014767932489451477,0.23623055248779257
Artur|ICT,349,2026-02-10T06:16:07+00:00,2026-03-15T19:15:29+00:00,10.26,0,12,3,0.034383954154727794,0.23622182501220643
Pixel Intensive,409,2026-02-08T05:36:56+00:00,2026-03-12T18:45:47+00:00,12.39,3,12,3,0.029339853300733496,0.23576776060129762
EGOR TITOV | БЛОГ О КРИПТЕ,438,2026-02-16T12:04:07+00:00,2026-03-15T19:06:22+00:00,15.64,0,20,2,0.045662100456621,0.23541190017749103
тимофей — наставник,489,2026-01-15T13:14:22+00:00,2026-03-15T18:17:55+00:00,8.15,0,13,3,0.026584867075664622,0.23486137496409176
Чат миллионеров,449,2026-03-03T16:56:46+00:00,2026-03-15T09:07:27+00:00,37.42,0,2,2,0.004454342984409799,0.23352694383228512
BIG INTENSIVE,464,2026-02-05T06:37:34+00:00,2026-03-14T19:12:29+00:00,12.21,1,8,3,0.017241379310344827,0.23336775590523928
Артём Звёздин - обучение трейдингу,286,2025-10-25T18:40:11+00:00,2026-03-15T16:23:51+00:00,2.03,0,12,3,0.04195804195804196,0.23331025867929006
Паша Раздал,425,2026-02-02T10:34:13+00:00,2026-03-15T18:05:33+00:00,10.12,0,8,3,0.018823529411764704,0.23288706658051014
Invest Assistance,484,2025-07-18T04:17:01+00:00,2026-03-15T15:06:58+00:00,2.01,0,13,3,0.026859504132231406,0.23212445920290398
KARATOFF - НЕЙРОТРЕЙД,418,2026-02-09T14:49:39+00:00,2026-03-15T18:06:22+00:00,11.94,0,17,2,0.04066985645933014,0.23199297868436952
СКАЛЬПУ БЫТЬ! | ПАВЛОВ,336,2026-02-04T09:29:07+00:00,2026-03-07T11:53:44+00:00,10.5,8,9,3,0.026785714285714284,0.2319475178135746
GOAT TRADING,417,2025-12-31T17:47:59+00:00,2026-03-15T12:54:32+00:00,5.64,0,9,3,0.02158273381294964,0.23156817371786897
2Trade Live / Kirill Sobolev,351,2026-01-29T19:11:36+00:00,2026-03-12T19:46:17+00:00,8.16,3,7,3,0.019943019943019943,0.2308288542838268
Dark Trade | Торгуем из тени,493,2026-01-31T09:42:30+00:00,2026-02-24T16:37:17+00:00,19.72,19,7,3,0.014198782961460446,0.2307198293662962
XScreener,471,2026-02-27T15:06:36+00:00,2026-03-15T18:19:54+00:00,27.71,0,3,2,0.006369426751592357,0.22976352214132129
Romantic,389,2026-02-20T18:30:05+00:00,2026-03-15T20:10:06+00:00,16.21,0,10,2,0.02570694087403599,0.2294796428989694
Ivan Medvedev,314,2026-02-28T07:35:00+00:00,2026-03-15T16:25:12+00:00,19.62,0,7,2,0.022292993630573247,0.22942922062975765
Den: Trading by AI,491,2025-12-19T14:33:52+00:00,2026-03-15T16:08:23+00:00,5.64,0,6,3,0.012219959266802444,0.22935680449542242
Dyad1ka📊👨‍💻,417,2025-11-09T13:26:24+00:00,2026-03-15T10:56:16+00:00,3.31,0,17,2,0.0407673860911271,0.22811583656526094
BCUSA [VIP],336,2026-01-10T17:56:46+00:00,2026-03-15T12:21:53+00:00,5.25,0,14,2,0.041666666666666664,0.22785634700709737
Скальпер,475,2026-02-16T13:35:11+00:00,2026-03-15T18:01:10+00:00,16.96,0,7,2,0.014736842105263158,0.22743726572289796
биржевой спекулянт,391,2026-01-14T19:54:13+00:00,2026-03-15T18:18:03+00:00,6.52,0,13,2,0.03324808184143223,0.22713478874964277
Diver Cryptorg,490,2025-10-30T00:00:10+00:00,2026-03-15T04:00:06+00:00,3.58,0,14,2,0.02857142857142857,0.225728469470625
Lamba Trade,445,2025-11-21T07:32:38+00:00,2026-03-15T17:43:20+00:00,3.87,0,13,2,0.029213483146067417,0.22551726954497622
Шеф Наставник [Кирилл],438,2026-01-20T09:24:19+00:00,2026-03-15T17:57:20+00:00,7.96,0,9,2,0.02054794520547945,0.22481220885672473
To the Moon - Chat,450,2026-03-02T17:38:29+00:00,2026-03-15T18:13:50+00:00,32.14,0,4,1,0.008888888888888889,0.22474065071472984
АЛЬТ || БЕРЛОГА Chat,400,2026-03-04T02:37:41+00:00,2026-03-15T19:52:52+00:00,33.33,0,3,1,0.0075,0.22472151015534372
Invest Zone [VIP],29,2025-12-13T09:47:17+00:00,2026-02-02T19:51:50+00:00,0.56,41,3,3,0.10344827586206896,0.22334743146561012
ФИЛ ТОРГУЕТ,482,2026-01-28T18:47:11+00:00,2026-03-15T16:10:33+00:00,10.48,0,5,2,0.01037344398340249,0.223241427765257
BLAGO SQUAD,450,2026-02-26T16:36:53+00:00,2026-03-15T20:08:20+00:00,25.0,0,6,1,0.013333333333333334,0.22280986727098598
katana 📚,247,2026-02-22T09:45:26+00:00,2026-03-14T15:06:37+00:00,11.76,1,2,2,0.008097165991902834,0.22205650482056988
"Больше, чем экономика",466,2026-02-25T14:08:45+00:00,2026-03-15T17:33:59+00:00,24.53,0,4,1,0.008583690987124463,0.22128066243422911
CAZADOR,350,2026-03-02T07:17:01+00:00,2026-03-15T17:55:45+00:00,25.0,0,3,1,0.008571428571428572,0.2210818090627095
Простые Инвестиции,429,2025-09-30T06:31:06+00:00,2026-03-15T17:38:26+00:00,2.57,0,6,2,0.013986013986013986,0.22046713399305487
VANGA | PREMIUM,426,2026-02-27T19:25:27+00:00,2026-03-15T20:19:44+00:00,25.06,0,2,1,0.004694835680751174,0.22029233178880586
To The Sun,488,2025-12-09T11:01:34+00:00,2026-03-15T18:04:56+00:00,5.03,0,4,2,0.00819672131147541,0.22014853604940382
Invest Era,489,2025-07-29T05:12:00+00:00,2026-03-15T14:11:55+00:00,2.13,0,6,2,0.012269938650306749,0.22008866594376603
Solomon Trading,456,2026-01-11T11:36:42+00:00,2026-03-15T17:09:59+00:00,7.12,0,13,1,0.02850877192982456,0.21921489748968748
Cryptorrr_ia,402,2026-03-06T06:14:13+00:00,2026-03-15T19:42:00+00:00,40.2,0,0,0,0.0,0.21810810810810813
ДЕНЕЖНАЯ 👩‍💻 LIVE,467,2025-10-22T07:09:24+00:00,2026-03-15T16:10:01+00:00,3.22,0,2,2,0.004282655246252677,0.21810350301645937
МЕГА || БЕРЛОГА,378,2025-11-20T10:38:09+00:00,2026-01-07T10:12:04+00:00,7.88,67,15,3,0.03968253968253968,0.2171992839838018
VLASOV,309,2026-02-28T14:19:07+00:00,2026-03-15T18:42:51+00:00,19.31,0,1,1,0.003236245954692557,0.21713974318724713
ScalpGod 📚📈,409,2026-02-19T01:15:10+00:00,2026-03-15T18:53:41+00:00,16.36,0,1,1,0.0024449877750611247,0.21572779446778853
CRYPTO_DOLLAR | X777,466,2026-02-11T06:43:30+00:00,2026-03-15T20:05:09+00:00,14.12,0,2,1,0.004291845493562232,0.215322070648854
4ch,233,2026-02-28T06:43:01+00:00,2026-03-15T16:09:21+00:00,14.56,0,1,1,0.004291845493562232,0.21511099190298671
Аделька,55,2026-03-11T15:57:26+00:00,2026-03-15T20:00:05+00:00,11.0,0,1,1,0.01818181818181818,0.21496649866363374
Forex Trade Wt 📈,406,2026-02-12T16:30:38+00:00,2026-03-14T08:29:24+00:00,13.53,1,2,1,0.0049261083743842365,0.2148283819609634
Клиент всегда прав,320,2026-02-08T10:05:25+00:00,2026-03-15T14:18:07+00:00,8.89,0,2,1,0.00625,0.21317191451604822
Traffic.one Academy,173,2025-08-27T07:36:19+00:00,2026-03-13T13:30:41+00:00,0.87,2,5,1,0.028901734104046242,0.21257754479365384
Макс для Народа,464,2026-01-04T14:23:33+00:00,2026-03-15T12:18:11+00:00,6.63,0,2,1,0.004310344827586207,0.21195014008837693
Марафон x100,139,2026-02-09T10:17:38+00:00,2026-03-15T19:00:57+00:00,3.97,0,2,1,0.014388489208633094,0.21181062827127095
Dark Trader Обучение,57,2025-12-20T19:47:15+00:00,2025-12-20T19:47:19+00:00,57.0,85,1,1,0.017543859649122806,0.21058338442530244
Shaurma [VIP],125,2025-12-12T19:26:41+00:00,2026-03-13T20:14:08+00:00,1.36,2,1,1,0.008,0.2089654776207708
Благословенный,499,2025-08-14T12:48:55+00:00,2026-03-13T14:12:46+00:00,2.35,2,1,1,0.002004008016032064,0.20878155810591795
To The Moon | Trading | Signal,459,2026-02-05T15:53:41+00:00,2026-02-18T12:32:30+00:00,35.31,25,0,0,0.0,0.20854163515503724
Герчик Обучение,72,2025-12-20T20:14:59+00:00,2025-12-20T20:41:41+00:00,72.0,85,0,0,0.0,0.2073956135811806
Crypto Juke Обучение,22,2026-03-03T08:56:48+00:00,2026-03-03T09:48:56+00:00,22.0,12,0,0,0.0,0.20637530018973319
SWEET CRYPTO,424,2026-02-13T10:13:12+00:00,2026-03-15T10:42:58+00:00,13.68,0,0,0,0.0,0.20616216216216218
VANGA PREMIUM,386,2025-05-20T10:21:24+00:00,2025-08-14T11:13:04+00:00,4.44,213,19,7,0.04922279792746114,0.20605383737088118
Mia Feed,453,2026-02-05T09:30:32+00:00,2026-03-15T18:44:13+00:00,11.62,0,0,0,0.0,0.20523423423423426
Сплетница,423,2026-01-29T08:31:33+00:00,2026-03-15T18:16:40+00:00,9.2,0,0,0,0.0,0.20414414414414417
WorkShop | БЕСПЛАТНО,366,2025-05-19T13:29:20+00:00,2026-02-26T16:20:56+00:00,1.29,17,1,1,0.00273224043715847,0.2039623176547908
MarAI Free Crypto Signals,406,2026-01-20T23:27:09+00:00,2026-03-15T13:09:09+00:00,7.52,0,0,0,0.0,0.2033873873873874
Леонардо Дайвинчик,460,2026-01-11T15:06:23+00:00,2026-03-15T18:21:01+00:00,7.19,0,0,0,0.0,0.20323873873873874
𝐔𝐋𝐓𝐑𝐀 | ᴛʀᴀᴅɪɴɢ 📈💲,180,2026-02-05T11:30:12+00:00,2026-03-15T20:00:05+00:00,4.62,0,0,0,0.0,0.20208108108108108
Канал о инвестициях 💵,127,2026-02-12T12:55:17+00:00,2026-03-15T17:59:18+00:00,3.97,0,0,0,0.0,0.2017882882882883
Trading Club [Обучения],270,2025-09-24T10:04:50+00:00,2025-12-22T20:54:06+00:00,3.0,83,2,2,0.007407407407407408,0.1938849348667776
Cryptomannn Обучение,37,2025-12-20T20:03:33+00:00,2025-12-20T20:55:03+00:00,37.0,85,0,0,0.0,0.19162984781541484
Марафон х100 Виталия,453,2025-06-24T15:54:20+00:00,2025-08-07T16:49:08+00:00,10.07,220,13,4,0.02869757174392936,0.1788393041876783
📌 ВАЖНОЕ 📌,2,2025-12-29T20:05:54+00:00,2025-12-29T20:06:22+00:00,2.0,76,0,0,0.0,0.1785150393397816
Константин Коновалов | Мои сделки,66,2025-02-20T14:27:38+00:00,2025-09-15T20:42:46+00:00,0.32,181,8,2,0.12121212121212122,0.178222338950655
Altador_BOT,6,2025-12-05T08:25:53+00:00,2025-12-05T08:25:53+00:00,6.0,100,0,0,0.0,0.17324762170122995
VANGA PREMIUM Chat,451,2025-07-11T06:06:28+00:00,2025-08-15T11:07:30+00:00,12.53,212,5,3,0.011086474501108648,0.16948728940870267
ОБУЧЕНИЕ/ОБЩЕНИЕ,44,2025-10-10T13:20:44+00:00,2025-11-27T13:43:09+00:00,0.9,108,0,0,0.0,0.16859391792381484
Trade By Booba - Daily,26,2024-03-25T15:30:37+00:00,2025-08-26T19:46:18+00:00,0.05,201,2,2,0.07692307692307693,0.16510157505744769
VANGA NIGHT,421,2025-04-11T20:57:55+00:00,2025-09-07T10:51:29+00:00,2.83,189,2,2,0.004750593824228029,0.16230688014227593
Путь Трейдера [4 Статьи],4,2025-10-21T10:31:27+00:00,2025-10-21T10:31:27+00:00,4.0,145,0,0,0.0,0.15909193434966631
Ctypto Muse AI,16,2025-06-02T07:04:05+00:00,2025-06-12T13:15:28+00:00,1.45,276,4,1,0.25,0.1549484823018599
Prometey Capital,37,2024-11-28T16:14:45+00:00,2025-05-29T07:16:45+00:00,0.2,290,5,3,0.13513513513513514,0.15398930473669226
Signal AI,173,2025-03-05T11:39:06+00:00,2025-08-22T10:26:20+00:00,1.02,205,0,0,0.0,0.14007654340644032
Chat Ctypto Muse AI,58,2025-06-02T07:12:04+00:00,2025-06-12T16:21:12+00:00,5.27,276,5,1,0.08620689655172414,0.13987238315147935
SS Копитрейдинг,2,2025-07-30T16:36:56+00:00,2025-07-30T16:37:33+00:00,2.0,228,0,0,0.0,0.13374331621754304
Торговая сессия INVEX 1.0,73,2025-03-30T14:26:46+00:00,2025-04-23T17:26:29+00:00,2.92,326,2,1,0.0273972602739726,0.11668063335086533
Иструкция по копитрейдингу,3,2025-05-18T09:27:30+00:00,2025-05-18T09:29:07+00:00,3.0,301,0,0,0.0,0.11269155753691837
Подарок от Артемия,3,2025-04-14T21:01:28+00:00,2025-04-30T15:18:39+00:00,0.19,319,0,0,0.0,0.1061238771908875
курсы от убийц,159,2024-05-05T14:31:21+00:00,2024-05-05T21:01:53+00:00,159.0,679,0,0,0.0,0.07162162162162163
КРИПТОАРХИВ,24,2022-05-09T13:34:23+00:00,2024-09-04T12:43:58+00:00,0.03,557,2,1,0.08333333333333333,0.053213552997149575
